press,statements,minutes
20110427,20100127,20100217
20110622,20100316,20100406
20111102,20100428,20100519
20120125,20100510,20100714
20120425,20100510,20100831
20120620,20100623,20101012
20120913,20100810,20101123
20121212,20100921,20110104
20130320,20101103,20110216
20130619,20101214,20110405
20130918,20110126,20110518
20131218,20110315,20110712
20140319,20110427,20110830
20140618,20110622,20111012
20140917,20110809,20111122
20141217,20110921,20120103
20150318,20111102,20120215
20150617,20111213,20120403
,20120125,20120516
,20120313,20120711
,20120425,20120822
,20120620,20121004
,20120801,20121114
,20120913,20130103
,20121024,20130220
,20121212,20130410
,20130130,20130522
,20130320,20130710
,20130501,20130821
,20130619,20131009
,20130731,20131120
,20130918,20140108
,20131030,20140219
,20131218,20140409
,20140129,20140521
,20140319,20140709
,20140430,20140820
,20140618,20141008
,20140730,20141119
,20140917,20150107
,20141029,20150218
,20141217,20150408
,20150128,20150520
,20150318,20150708
,20150429,20150819
,20150617,
,20150729,